{"cameraMode":{"drawMode":0,"name":"Shaded","section":"Shading Mode"},"sceneLighting":true,"audioPlay":false,"sceneViewState":{"m_AlwaysRefresh":false,"showFog":true,"showSkybox":true,"showFlares":true,"showImageEffects":true,"showParticleSystems":true,"showVisualEffectGraphs":true,"m_FxEnabled":true},"in2DMode":false,"pivot":{"x":-0.011086225509643555,"y":1.090611219406128,"z":-0.04979133605957031},"rotation":{"x":-0.08068665117025376,"y":0.9043190479278565,"z":-0.1973005086183548,"w":-0.3698234558105469},"size":1.672895908355713,"orthographic":false}